"Superficie"	"Cabeceira"	"Vertice"	"Latitude"	"Longitude"	"Altitude_MSL"	"S_m"	"L_m"
"OLS_aproximacao_RWY03_3D"	"03 deslocada"	"1"	"-17.05919312"	"-51.08828359"	"760.0"	"-960.0"	"-150.0"
"OLS_aproximacao_RWY03_3D"	"03 deslocada"	"2"	"-17.05783847"	"-51.09072371"	"760.0"	"-960.0"	"150.0"
"OLS_aproximacao_RWY03_3D"	"03 deslocada"	"3"	"-17.07929336"	"-51.10845779"	"820.0"	"-3960.0"	"600.0"
"OLS_aproximacao_RWY03_3D"	"03 deslocada"	"4"	"-17.08471197"	"-51.09869731"	"820.0"	"-3960.0"	"-600.0"
"OLS_aproximacao_RWY03_3D"	"03 deslocada"	"5"	"-17.05919312"	"-51.08828359"	"760.0"	"-960.0"	"-150.0"
"OLS_aproximacao_RWY21_3D"	"21"	"1"	"-17.04181284"	"-51.07786890"	"760.0"	"1260.0"	"-150.0"
"OLS_aproximacao_RWY21_3D"	"21"	"2"	"-17.04045819"	"-51.08030902"	"760.0"	"1260.0"	"150.0"
"OLS_aproximacao_RWY21_3D"	"21"	"3"	"-17.01493934"	"-51.06989530"	"820.0"	"4260.0"	"600.0"
"OLS_aproximacao_RWY21_3D"	"21"	"4"	"-17.02035795"	"-51.06013482"	"820.0"	"4260.0"	"-600.0"
"OLS_aproximacao_RWY21_3D"	"21"	"5"	"-17.04181284"	"-51.07786890"	"760.0"	"1260.0"	"-150.0"
"OLS_subida_decolagem_RWY03_3D"	"03"	"1"	"-17.04154191"	"-51.07835693"	"760.0"	"1260.0"	"-90.0"
"OLS_subida_decolagem_RWY03_3D"	"03"	"2"	"-17.04072912"	"-51.07982100"	"760.0"	"1260.0"	"90.0"
"OLS_subida_decolagem_RWY03_3D"	"03"	"3"	"-16.98633992"	"-51.05600970"	"889.6"	"7740.0"	"900.0"
"OLS_subida_decolagem_RWY03_3D"	"03"	"4"	"-16.91963721"	"-51.01603982"	"1060.0"	"16260.0"	"900.0"
"OLS_subida_decolagem_RWY03_3D"	"03"	"5"	"-16.92776513"	"-51.00139910"	"1060.0"	"16260.0"	"-900.0"
"OLS_subida_decolagem_RWY03_3D"	"03"	"6"	"-16.99446784"	"-51.04136898"	"889.6"	"7740.0"	"-900.0"
"OLS_subida_decolagem_RWY03_3D"	"03"	"7"	"-17.04154191"	"-51.07835693"	"760.0"	"1260.0"	"-90.0"
"OLS_subida_decolagem_RWY21_3D_TODA2600"	"21"	"1"	"-17.06236693"	"-51.09083578"	"760.0"	"-1400.0"	"-90.0"
"OLS_subida_decolagem_RWY21_3D_TODA2600"	"21"	"2"	"-17.06155414"	"-51.09229986"	"760.0"	"-1400.0"	"90.0"
"OLS_subida_decolagem_RWY21_3D_TODA2600"	"21"	"3"	"-17.10862821"	"-51.12928780"	"889.6"	"-7880.0"	"900.0"
"OLS_subida_decolagem_RWY21_3D_TODA2600"	"21"	"4"	"-17.17533092"	"-51.16925768"	"1060.0"	"-16400.0"	"900.0"
"OLS_subida_decolagem_RWY21_3D_TODA2600"	"21"	"5"	"-17.18345884"	"-51.15461696"	"1060.0"	"-16400.0"	"-900.0"
"OLS_subida_decolagem_RWY21_3D_TODA2600"	"21"	"6"	"-17.11675614"	"-51.11464708"	"889.6"	"-7880.0"	"-900.0"
"OLS_subida_decolagem_RWY21_3D_TODA2600"	"21"	"7"	"-17.06236693"	"-51.09083578"	"760.0"	"-1400.0"	"-90.0"
"OLS_transicao_lateral_esquerda_faixa_3D"	"03/21"	"1"	"-17.06023231"	"-51.09204976"	"760.0"	"-1260.0"	"140.0"
"OLS_transicao_lateral_esquerda_faixa_3D"	"03/21"	"2"	"-17.04050334"	"-51.08022768"	"760.0"	"1260.0"	"140.0"
"OLS_transicao_lateral_esquerda_faixa_3D"	"03/21"	"3"	"-17.03908096"	"-51.08278981"	"805.0"	"1260.0"	"455.0"
"OLS_transicao_lateral_esquerda_faixa_3D"	"03/21"	"4"	"-17.05880993"	"-51.09461189"	"805.0"	"-1260.0"	"455.0"
"OLS_transicao_lateral_esquerda_faixa_3D"	"03/21"	"5"	"-17.06023231"	"-51.09204976"	"760.0"	"-1260.0"	"140.0"
"OLS_transicao_lateral_direita_faixa_3D"	"03/21"	"1"	"-17.06149666"	"-51.08977232"	"760.0"	"-1260.0"	"-140.0"
"OLS_transicao_lateral_direita_faixa_3D"	"03/21"	"2"	"-17.04176769"	"-51.07795024"	"760.0"	"1260.0"	"-140.0"
"OLS_transicao_lateral_direita_faixa_3D"	"03/21"	"3"	"-17.04319007"	"-51.07538811"	"805.0"	"1260.0"	"-455.0"
"OLS_transicao_lateral_direita_faixa_3D"	"03/21"	"4"	"-17.06291904"	"-51.08721019"	"805.0"	"-1260.0"	"-455.0"
"OLS_transicao_lateral_direita_faixa_3D"	"03/21"	"5"	"-17.06149666"	"-51.08977232"	"760.0"	"-1260.0"	"-140.0"
"OLS_horizontal_interna_805MSL_3D"	"03/21"	"1"	"-17.01968417"	"-51.06623480"	"805.0"	"4000.0"	"0.0"
"OLS_horizontal_interna_805MSL_3D"	"03/21"	"2"	"-17.01822913"	"-51.06914181"	"805.0"	"3984.8"	"348.6"
"OLS_horizontal_interna_805MSL_3D"	"03/21"	"3"	"-17.01702349"	"-51.07216952"	"805.0"	"3939.2"	"694.6"
"OLS_horizontal_interna_805MSL_3D"	"03/21"	"4"	"-17.01607643"	"-51.07529487"	"805.0"	"3863.7"	"1035.3"
"OLS_horizontal_interna_805MSL_3D"	"03/21"	"5"	"-17.01539516"	"-51.07849408"	"805.0"	"3758.8"	"1368.1"
"OLS_horizontal_interna_805MSL_3D"	"03/21"	"6"	"-17.01498487"	"-51.08174281"	"805.0"	"3625.2"	"1690.5"
"OLS_horizontal_interna_805MSL_3D"	"03/21"	"7"	"-17.01484867"	"-51.08501633"	"805.0"	"3464.1"	"2000.0"
"OLS_horizontal_interna_805MSL_3D"	"03/21"	"8"	"-17.01498761"	"-51.08828972"	"805.0"	"3276.6"	"2294.3"
"OLS_horizontal_interna_805MSL_3D"	"03/21"	"9"	"-17.01540062"	"-51.09153808"	"805.0"	"3064.2"	"2571.2"
"OLS_horizontal_interna_805MSL_3D"	"03/21"	"10"	"-17.01608457"	"-51.09473667"	"805.0"	"2828.4"	"2828.4"
"OLS_horizontal_interna_805MSL_3D"	"03/21"	"11"	"-17.01703424"	"-51.09786117"	"805.0"	"2571.2"	"3064.2"
"OLS_horizontal_interna_805MSL_3D"	"03/21"	"12"	"-17.01824241"	"-51.10088778"	"805.0"	"2294.3"	"3276.6"
"OLS_horizontal_interna_805MSL_3D"	"03/21"	"13"	"-17.01969989"	"-51.10379348"	"805.0"	"2000.0"	"3464.1"
"OLS_horizontal_interna_805MSL_3D"	"03/21"	"14"	"-17.02139558"	"-51.10655615"	"805.0"	"1690.5"	"3625.2"
"OLS_horizontal_interna_805MSL_3D"	"03/21"	"15"	"-17.02331658"	"-51.10915476"	"805.0"	"1368.1"	"3758.8"
"OLS_horizontal_interna_805MSL_3D"	"03/21"	"16"	"-17.02544827"	"-51.11156954"	"805.0"	"1035.3"	"3863.7"
"OLS_horizontal_interna_805MSL_3D"	"03/21"	"17"	"-17.02777442"	"-51.11378212"	"805.0"	"694.6"	"3939.2"
"OLS_horizontal_interna_805MSL_3D"	"03/21"	"18"	"-17.03027733"	"-51.11577564"	"805.0"	"348.6"	"3984.8"
"OLS_horizontal_interna_805MSL_3D"	"03/21"	"19"	"-17.03293795"	"-51.11753494"	"805.0"	"0.0"	"4000.0"
"OLS_horizontal_interna_805MSL_3D"	"03/21"	"20"	"-17.03573603"	"-51.11904663"	"805.0"	"-348.6"	"3984.8"
"OLS_horizontal_interna_805MSL_3D"	"03/21"	"21"	"-17.03865029"	"-51.12029920"	"805.0"	"-694.6"	"3939.2"
"OLS_horizontal_interna_805MSL_3D"	"03/21"	"22"	"-17.04165853"	"-51.12128313"	"805.0"	"-1035.3"	"3863.7"
"OLS_horizontal_interna_805MSL_3D"	"03/21"	"23"	"-17.04473787"	"-51.12199092"	"805.0"	"-1368.1"	"3758.8"
"OLS_horizontal_interna_805MSL_3D"	"03/21"	"24"	"-17.04786486"	"-51.12241718"	"805.0"	"-1690.5"	"3625.2"
"OLS_horizontal_interna_805MSL_3D"	"03/21"	"25"	"-17.05101572"	"-51.12255868"	"805.0"	"-2000.0"	"3464.1"
"OLS_horizontal_interna_805MSL_3D"	"03/21"	"26"	"-17.05416645"	"-51.12241434"	"805.0"	"-2294.3"	"3276.6"
"OLS_horizontal_interna_805MSL_3D"	"03/21"	"27"	"-17.05729309"	"-51.12198525"	"805.0"	"-2571.2"	"3064.2"
"OLS_horizontal_interna_805MSL_3D"	"03/21"	"28"	"-17.06037183"	"-51.12127467"	"805.0"	"-2828.4"	"2828.4"
"OLS_horizontal_interna_805MSL_3D"	"03/21"	"29"	"-17.06337925"	"-51.12028803"	"805.0"	"-3064.2"	"2571.2"
"OLS_horizontal_interna_805MSL_3D"	"03/21"	"30"	"-17.06629245"	"-51.11903283"	"805.0"	"-3276.6"	"2294.3"
"OLS_horizontal_interna_805MSL_3D"	"03/21"	"31"	"-17.06908927"	"-51.11751861"	"805.0"	"-3464.1"	"2000.0"
"OLS_horizontal_interna_805MSL_3D"	"03/21"	"32"	"-17.07174842"	"-51.11575691"	"805.0"	"-3625.2"	"1690.5"
"OLS_horizontal_interna_805MSL_3D"	"03/21"	"33"	"-17.07424966"	"-51.11376112"	"805.0"	"-3758.8"	"1368.1"
"OLS_horizontal_interna_805MSL_3D"	"03/21"	"34"	"-17.07657396"	"-51.11154645"	"805.0"	"-3863.7"	"1035.3"
"OLS_horizontal_interna_805MSL_3D"	"03/21"	"35"	"-17.07870363"	"-51.10912975"	"805.0"	"-3939.2"	"694.6"
"OLS_horizontal_interna_805MSL_3D"	"03/21"	"36"	"-17.08062245"	"-51.10652940"	"805.0"	"-3984.8"	"348.6"
"OLS_horizontal_interna_805MSL_3D"	"03/21"	"37"	"-17.08231583"	"-51.10376520"	"805.0"	"-4000.0"	"0.0"
"OLS_horizontal_interna_805MSL_3D"	"03/21"	"38"	"-17.08377087"	"-51.10085819"	"805.0"	"-3984.8"	"-348.6"
"OLS_horizontal_interna_805MSL_3D"	"03/21"	"39"	"-17.08497651"	"-51.09783048"	"805.0"	"-3939.2"	"-694.6"
"OLS_horizontal_interna_805MSL_3D"	"03/21"	"40"	"-17.08592357"	"-51.09470513"	"805.0"	"-3863.7"	"-1035.3"
"OLS_horizontal_interna_805MSL_3D"	"03/21"	"41"	"-17.08660484"	"-51.09150592"	"805.0"	"-3758.8"	"-1368.1"
"OLS_horizontal_interna_805MSL_3D"	"03/21"	"42"	"-17.08701513"	"-51.08825719"	"805.0"	"-3625.2"	"-1690.5"
"OLS_horizontal_interna_805MSL_3D"	"03/21"	"43"	"-17.08715133"	"-51.08498367"	"805.0"	"-3464.1"	"-2000.0"
"OLS_horizontal_interna_805MSL_3D"	"03/21"	"44"	"-17.08701239"	"-51.08171028"	"805.0"	"-3276.6"	"-2294.3"
"OLS_horizontal_interna_805MSL_3D"	"03/21"	"45"	"-17.08659938"	"-51.07846192"	"805.0"	"-3064.2"	"-2571.2"
"OLS_horizontal_interna_805MSL_3D"	"03/21"	"46"	"-17.08591543"	"-51.07526333"	"805.0"	"-2828.4"	"-2828.4"
"OLS_horizontal_interna_805MSL_3D"	"03/21"	"47"	"-17.08496576"	"-51.07213883"	"805.0"	"-2571.2"	"-3064.2"
"OLS_horizontal_interna_805MSL_3D"	"03/21"	"48"	"-17.08375759"	"-51.06911222"	"805.0"	"-2294.3"	"-3276.6"
"OLS_horizontal_interna_805MSL_3D"	"03/21"	"49"	"-17.08230011"	"-51.06620652"	"805.0"	"-2000.0"	"-3464.1"
"OLS_horizontal_interna_805MSL_3D"	"03/21"	"50"	"-17.08060442"	"-51.06344385"	"805.0"	"-1690.5"	"-3625.2"
"OLS_horizontal_interna_805MSL_3D"	"03/21"	"51"	"-17.07868342"	"-51.06084524"	"805.0"	"-1368.1"	"-3758.8"
"OLS_horizontal_interna_805MSL_3D"	"03/21"	"52"	"-17.07655173"	"-51.05843046"	"805.0"	"-1035.3"	"-3863.7"
"OLS_horizontal_interna_805MSL_3D"	"03/21"	"53"	"-17.07422558"	"-51.05621788"	"805.0"	"-694.6"	"-3939.2"
"OLS_horizontal_interna_805MSL_3D"	"03/21"	"54"	"-17.07172267"	"-51.05422436"	"805.0"	"-348.6"	"-3984.8"
"OLS_horizontal_interna_805MSL_3D"	"03/21"	"55"	"-17.06906205"	"-51.05246506"	"805.0"	"0.0"	"-4000.0"
"OLS_horizontal_interna_805MSL_3D"	"03/21"	"56"	"-17.06626397"	"-51.05095337"	"805.0"	"348.6"	"-3984.8"
"OLS_horizontal_interna_805MSL_3D"	"03/21"	"57"	"-17.06334971"	"-51.04970080"	"805.0"	"694.6"	"-3939.2"
"OLS_horizontal_interna_805MSL_3D"	"03/21"	"58"	"-17.06034147"	"-51.04871687"	"805.0"	"1035.3"	"-3863.7"
"OLS_horizontal_interna_805MSL_3D"	"03/21"	"59"	"-17.05726213"	"-51.04800908"	"805.0"	"1368.1"	"-3758.8"
"OLS_horizontal_interna_805MSL_3D"	"03/21"	"60"	"-17.05413514"	"-51.04758282"	"805.0"	"1690.5"	"-3625.2"
"OLS_horizontal_interna_805MSL_3D"	"03/21"	"61"	"-17.05098428"	"-51.04744132"	"805.0"	"2000.0"	"-3464.1"
"OLS_horizontal_interna_805MSL_3D"	"03/21"	"62"	"-17.04783355"	"-51.04758566"	"805.0"	"2294.3"	"-3276.6"
"OLS_horizontal_interna_805MSL_3D"	"03/21"	"63"	"-17.04470691"	"-51.04801475"	"805.0"	"2571.2"	"-3064.2"
"OLS_horizontal_interna_805MSL_3D"	"03/21"	"64"	"-17.04162817"	"-51.04872533"	"805.0"	"2828.4"	"-2828.4"
"OLS_horizontal_interna_805MSL_3D"	"03/21"	"65"	"-17.03862075"	"-51.04971197"	"805.0"	"3064.2"	"-2571.2"
"OLS_horizontal_interna_805MSL_3D"	"03/21"	"66"	"-17.03570755"	"-51.05096717"	"805.0"	"3276.6"	"-2294.3"
"OLS_horizontal_interna_805MSL_3D"	"03/21"	"67"	"-17.03291073"	"-51.05248139"	"805.0"	"3464.1"	"-2000.0"
"OLS_horizontal_interna_805MSL_3D"	"03/21"	"68"	"-17.03025158"	"-51.05424309"	"805.0"	"3625.2"	"-1690.5"
"OLS_horizontal_interna_805MSL_3D"	"03/21"	"69"	"-17.02775034"	"-51.05623888"	"805.0"	"3758.8"	"-1368.1"
"OLS_horizontal_interna_805MSL_3D"	"03/21"	"70"	"-17.02542604"	"-51.05845355"	"805.0"	"3863.7"	"-1035.3"
"OLS_horizontal_interna_805MSL_3D"	"03/21"	"71"	"-17.02329637"	"-51.06087025"	"805.0"	"3939.2"	"-694.6"
"OLS_horizontal_interna_805MSL_3D"	"03/21"	"72"	"-17.02137755"	"-51.06347060"	"805.0"	"3984.8"	"-348.6"
"OLS_horizontal_interna_805MSL_3D"	"03/21"	"73"	"-17.01968417"	"-51.06623480"	"805.0"	"4000.0"	"0.0"
"OES_horizontal_90m_850MSL_3D"	"03/21"	"1"	"-17.01968417"	"-51.06623480"	"850.0"	"4000.0"	"0.0"
"OES_horizontal_90m_850MSL_3D"	"03/21"	"2"	"-17.01822913"	"-51.06914181"	"850.0"	"3984.8"	"348.6"
"OES_horizontal_90m_850MSL_3D"	"03/21"	"3"	"-17.01702349"	"-51.07216952"	"850.0"	"3939.2"	"694.6"
"OES_horizontal_90m_850MSL_3D"	"03/21"	"4"	"-17.01607643"	"-51.07529487"	"850.0"	"3863.7"	"1035.3"
"OES_horizontal_90m_850MSL_3D"	"03/21"	"5"	"-17.01539516"	"-51.07849408"	"850.0"	"3758.8"	"1368.1"
"OES_horizontal_90m_850MSL_3D"	"03/21"	"6"	"-17.01498487"	"-51.08174281"	"850.0"	"3625.2"	"1690.5"
"OES_horizontal_90m_850MSL_3D"	"03/21"	"7"	"-17.01484867"	"-51.08501633"	"850.0"	"3464.1"	"2000.0"
"OES_horizontal_90m_850MSL_3D"	"03/21"	"8"	"-17.01498761"	"-51.08828972"	"850.0"	"3276.6"	"2294.3"
"OES_horizontal_90m_850MSL_3D"	"03/21"	"9"	"-17.01540062"	"-51.09153808"	"850.0"	"3064.2"	"2571.2"
"OES_horizontal_90m_850MSL_3D"	"03/21"	"10"	"-17.01608457"	"-51.09473667"	"850.0"	"2828.4"	"2828.4"
"OES_horizontal_90m_850MSL_3D"	"03/21"	"11"	"-17.01703424"	"-51.09786117"	"850.0"	"2571.2"	"3064.2"
"OES_horizontal_90m_850MSL_3D"	"03/21"	"12"	"-17.01824241"	"-51.10088778"	"850.0"	"2294.3"	"3276.6"
"OES_horizontal_90m_850MSL_3D"	"03/21"	"13"	"-17.01969989"	"-51.10379348"	"850.0"	"2000.0"	"3464.1"
"OES_horizontal_90m_850MSL_3D"	"03/21"	"14"	"-17.02139558"	"-51.10655615"	"850.0"	"1690.5"	"3625.2"
"OES_horizontal_90m_850MSL_3D"	"03/21"	"15"	"-17.02331658"	"-51.10915476"	"850.0"	"1368.1"	"3758.8"
"OES_horizontal_90m_850MSL_3D"	"03/21"	"16"	"-17.02544827"	"-51.11156954"	"850.0"	"1035.3"	"3863.7"
"OES_horizontal_90m_850MSL_3D"	"03/21"	"17"	"-17.02777442"	"-51.11378212"	"850.0"	"694.6"	"3939.2"
"OES_horizontal_90m_850MSL_3D"	"03/21"	"18"	"-17.03027733"	"-51.11577564"	"850.0"	"348.6"	"3984.8"
"OES_horizontal_90m_850MSL_3D"	"03/21"	"19"	"-17.03293795"	"-51.11753494"	"850.0"	"0.0"	"4000.0"
"OES_horizontal_90m_850MSL_3D"	"03/21"	"20"	"-17.03573603"	"-51.11904663"	"850.0"	"-348.6"	"3984.8"
"OES_horizontal_90m_850MSL_3D"	"03/21"	"21"	"-17.03865029"	"-51.12029920"	"850.0"	"-694.6"	"3939.2"
"OES_horizontal_90m_850MSL_3D"	"03/21"	"22"	"-17.04165853"	"-51.12128313"	"850.0"	"-1035.3"	"3863.7"
"OES_horizontal_90m_850MSL_3D"	"03/21"	"23"	"-17.04473787"	"-51.12199092"	"850.0"	"-1368.1"	"3758.8"
"OES_horizontal_90m_850MSL_3D"	"03/21"	"24"	"-17.04786486"	"-51.12241718"	"850.0"	"-1690.5"	"3625.2"
"OES_horizontal_90m_850MSL_3D"	"03/21"	"25"	"-17.05101572"	"-51.12255868"	"850.0"	"-2000.0"	"3464.1"
"OES_horizontal_90m_850MSL_3D"	"03/21"	"26"	"-17.05416645"	"-51.12241434"	"850.0"	"-2294.3"	"3276.6"
"OES_horizontal_90m_850MSL_3D"	"03/21"	"27"	"-17.05729309"	"-51.12198525"	"850.0"	"-2571.2"	"3064.2"
"OES_horizontal_90m_850MSL_3D"	"03/21"	"28"	"-17.06037183"	"-51.12127467"	"850.0"	"-2828.4"	"2828.4"
"OES_horizontal_90m_850MSL_3D"	"03/21"	"29"	"-17.06337925"	"-51.12028803"	"850.0"	"-3064.2"	"2571.2"
"OES_horizontal_90m_850MSL_3D"	"03/21"	"30"	"-17.06629245"	"-51.11903283"	"850.0"	"-3276.6"	"2294.3"
"OES_horizontal_90m_850MSL_3D"	"03/21"	"31"	"-17.06908927"	"-51.11751861"	"850.0"	"-3464.1"	"2000.0"
"OES_horizontal_90m_850MSL_3D"	"03/21"	"32"	"-17.07174842"	"-51.11575691"	"850.0"	"-3625.2"	"1690.5"
"OES_horizontal_90m_850MSL_3D"	"03/21"	"33"	"-17.07424966"	"-51.11376112"	"850.0"	"-3758.8"	"1368.1"
"OES_horizontal_90m_850MSL_3D"	"03/21"	"34"	"-17.07657396"	"-51.11154645"	"850.0"	"-3863.7"	"1035.3"
"OES_horizontal_90m_850MSL_3D"	"03/21"	"35"	"-17.07870363"	"-51.10912975"	"850.0"	"-3939.2"	"694.6"
"OES_horizontal_90m_850MSL_3D"	"03/21"	"36"	"-17.08062245"	"-51.10652940"	"850.0"	"-3984.8"	"348.6"
"OES_horizontal_90m_850MSL_3D"	"03/21"	"37"	"-17.08231583"	"-51.10376520"	"850.0"	"-4000.0"	"0.0"
"OES_horizontal_90m_850MSL_3D"	"03/21"	"38"	"-17.08377087"	"-51.10085819"	"850.0"	"-3984.8"	"-348.6"
"OES_horizontal_90m_850MSL_3D"	"03/21"	"39"	"-17.08497651"	"-51.09783048"	"850.0"	"-3939.2"	"-694.6"
"OES_horizontal_90m_850MSL_3D"	"03/21"	"40"	"-17.08592357"	"-51.09470513"	"850.0"	"-3863.7"	"-1035.3"
"OES_horizontal_90m_850MSL_3D"	"03/21"	"41"	"-17.08660484"	"-51.09150592"	"850.0"	"-3758.8"	"-1368.1"
"OES_horizontal_90m_850MSL_3D"	"03/21"	"42"	"-17.08701513"	"-51.08825719"	"850.0"	"-3625.2"	"-1690.5"
"OES_horizontal_90m_850MSL_3D"	"03/21"	"43"	"-17.08715133"	"-51.08498367"	"850.0"	"-3464.1"	"-2000.0"
"OES_horizontal_90m_850MSL_3D"	"03/21"	"44"	"-17.08701239"	"-51.08171028"	"850.0"	"-3276.6"	"-2294.3"
"OES_horizontal_90m_850MSL_3D"	"03/21"	"45"	"-17.08659938"	"-51.07846192"	"850.0"	"-3064.2"	"-2571.2"
"OES_horizontal_90m_850MSL_3D"	"03/21"	"46"	"-17.08591543"	"-51.07526333"	"850.0"	"-2828.4"	"-2828.4"
"OES_horizontal_90m_850MSL_3D"	"03/21"	"47"	"-17.08496576"	"-51.07213883"	"850.0"	"-2571.2"	"-3064.2"
"OES_horizontal_90m_850MSL_3D"	"03/21"	"48"	"-17.08375759"	"-51.06911222"	"850.0"	"-2294.3"	"-3276.6"
"OES_horizontal_90m_850MSL_3D"	"03/21"	"49"	"-17.08230011"	"-51.06620652"	"850.0"	"-2000.0"	"-3464.1"
"OES_horizontal_90m_850MSL_3D"	"03/21"	"50"	"-17.08060442"	"-51.06344385"	"850.0"	"-1690.5"	"-3625.2"
"OES_horizontal_90m_850MSL_3D"	"03/21"	"51"	"-17.07868342"	"-51.06084524"	"850.0"	"-1368.1"	"-3758.8"
"OES_horizontal_90m_850MSL_3D"	"03/21"	"52"	"-17.07655173"	"-51.05843046"	"850.0"	"-1035.3"	"-3863.7"
"OES_horizontal_90m_850MSL_3D"	"03/21"	"53"	"-17.07422558"	"-51.05621788"	"850.0"	"-694.6"	"-3939.2"
"OES_horizontal_90m_850MSL_3D"	"03/21"	"54"	"-17.07172267"	"-51.05422436"	"850.0"	"-348.6"	"-3984.8"
"OES_horizontal_90m_850MSL_3D"	"03/21"	"55"	"-17.06906205"	"-51.05246506"	"850.0"	"0.0"	"-4000.0"
"OES_horizontal_90m_850MSL_3D"	"03/21"	"56"	"-17.06626397"	"-51.05095337"	"850.0"	"348.6"	"-3984.8"
"OES_horizontal_90m_850MSL_3D"	"03/21"	"57"	"-17.06334971"	"-51.04970080"	"850.0"	"694.6"	"-3939.2"
"OES_horizontal_90m_850MSL_3D"	"03/21"	"58"	"-17.06034147"	"-51.04871687"	"850.0"	"1035.3"	"-3863.7"
"OES_horizontal_90m_850MSL_3D"	"03/21"	"59"	"-17.05726213"	"-51.04800908"	"850.0"	"1368.1"	"-3758.8"
"OES_horizontal_90m_850MSL_3D"	"03/21"	"60"	"-17.05413514"	"-51.04758282"	"850.0"	"1690.5"	"-3625.2"
"OES_horizontal_90m_850MSL_3D"	"03/21"	"61"	"-17.05098428"	"-51.04744132"	"850.0"	"2000.0"	"-3464.1"
"OES_horizontal_90m_850MSL_3D"	"03/21"	"62"	"-17.04783355"	"-51.04758566"	"850.0"	"2294.3"	"-3276.6"
"OES_horizontal_90m_850MSL_3D"	"03/21"	"63"	"-17.04470691"	"-51.04801475"	"850.0"	"2571.2"	"-3064.2"
"OES_horizontal_90m_850MSL_3D"	"03/21"	"64"	"-17.04162817"	"-51.04872533"	"850.0"	"2828.4"	"-2828.4"
"OES_horizontal_90m_850MSL_3D"	"03/21"	"65"	"-17.03862075"	"-51.04971197"	"850.0"	"3064.2"	"-2571.2"
"OES_horizontal_90m_850MSL_3D"	"03/21"	"66"	"-17.03570755"	"-51.05096717"	"850.0"	"3276.6"	"-2294.3"
"OES_horizontal_90m_850MSL_3D"	"03/21"	"67"	"-17.03291073"	"-51.05248139"	"850.0"	"3464.1"	"-2000.0"
"OES_horizontal_90m_850MSL_3D"	"03/21"	"68"	"-17.03025158"	"-51.05424309"	"850.0"	"3625.2"	"-1690.5"
"OES_horizontal_90m_850MSL_3D"	"03/21"	"69"	"-17.02775034"	"-51.05623888"	"850.0"	"3758.8"	"-1368.1"
"OES_horizontal_90m_850MSL_3D"	"03/21"	"70"	"-17.02542604"	"-51.05845355"	"850.0"	"3863.7"	"-1035.3"
"OES_horizontal_90m_850MSL_3D"	"03/21"	"71"	"-17.02329637"	"-51.06087025"	"850.0"	"3939.2"	"-694.6"
"OES_horizontal_90m_850MSL_3D"	"03/21"	"72"	"-17.02137755"	"-51.06347060"	"850.0"	"3984.8"	"-348.6"
"OES_horizontal_90m_850MSL_3D"	"03/21"	"73"	"-17.01968417"	"-51.06623480"	"850.0"	"4000.0"	"0.0"
"OLS_conica_3D_segmento_01"	"03/21"	"1"	"-17.01968417"	"-51.06623480"	"805.0"	"4000.0"	"0.0"
"OLS_conica_3D_segmento_01"	"03/21"	"2"	"-17.01702349"	"-51.07216952"	"805.0"	"3939.2"	"694.6"
"OLS_conica_3D_segmento_01"	"03/21"	"3"	"-17.00003524"	"-51.06575428"	"905.0"	"5908.8"	"1041.9"
"OLS_conica_3D_segmento_01"	"03/21"	"4"	"-17.00402626"	"-51.05685220"	"905.0"	"6000.0"	"0.0"
"OLS_conica_3D_segmento_01"	"03/21"	"5"	"-17.01968417"	"-51.06623480"	"805.0"	"4000.0"	"0.0"
"OLS_conica_3D_segmento_02"	"03/21"	"1"	"-17.01702349"	"-51.07216952"	"805.0"	"3939.2"	"694.6"
"OLS_conica_3D_segmento_02"	"03/21"	"2"	"-17.01539516"	"-51.07849408"	"805.0"	"3758.8"	"1368.1"
"OLS_conica_3D_segmento_02"	"03/21"	"3"	"-16.99759275"	"-51.07524113"	"905.0"	"5638.2"	"2052.1"
"OLS_conica_3D_segmento_02"	"03/21"	"4"	"-17.00003524"	"-51.06575428"	"905.0"	"5908.8"	"1041.9"
"OLS_conica_3D_segmento_02"	"03/21"	"5"	"-17.01702349"	"-51.07216952"	"805.0"	"3939.2"	"694.6"
"OLS_conica_3D_segmento_03"	"03/21"	"1"	"-17.01539516"	"-51.07849408"	"805.0"	"3758.8"	"1368.1"
"OLS_conica_3D_segmento_03"	"03/21"	"2"	"-17.01484867"	"-51.08501633"	"805.0"	"3464.1"	"2000.0"
"OLS_conica_3D_segmento_03"	"03/21"	"3"	"-16.99677301"	"-51.08502449"	"905.0"	"5196.2"	"3000.0"
"OLS_conica_3D_segmento_03"	"03/21"	"4"	"-16.99759275"	"-51.07524113"	"905.0"	"5638.2"	"2052.1"
"OLS_conica_3D_segmento_03"	"03/21"	"5"	"-17.01539516"	"-51.07849408"	"805.0"	"3758.8"	"1368.1"
"OLS_conica_3D_segmento_04"	"03/21"	"1"	"-17.01484867"	"-51.08501633"	"805.0"	"3464.1"	"2000.0"
"OLS_conica_3D_segmento_04"	"03/21"	"2"	"-17.01540062"	"-51.09153808"	"805.0"	"3064.2"	"2571.2"
"OLS_conica_3D_segmento_04"	"03/21"	"3"	"-16.99760093"	"-51.09480712"	"905.0"	"4596.3"	"3856.7"
"OLS_conica_3D_segmento_04"	"03/21"	"4"	"-16.99677301"	"-51.08502449"	"905.0"	"5196.2"	"3000.0"
"OLS_conica_3D_segmento_04"	"03/21"	"5"	"-17.01484867"	"-51.08501633"	"805.0"	"3464.1"	"2000.0"
"OLS_conica_3D_segmento_05"	"03/21"	"1"	"-17.01540062"	"-51.09153808"	"805.0"	"3064.2"	"2571.2"
"OLS_conica_3D_segmento_05"	"03/21"	"2"	"-17.01703424"	"-51.09786117"	"805.0"	"2571.2"	"3064.2"
"OLS_conica_3D_segmento_05"	"03/21"	"3"	"-17.00005136"	"-51.10429175"	"905.0"	"3856.7"	"4596.3"
"OLS_conica_3D_segmento_05"	"03/21"	"4"	"-16.99760093"	"-51.09480712"	"905.0"	"4596.3"	"3856.7"
"OLS_conica_3D_segmento_05"	"03/21"	"5"	"-17.01540062"	"-51.09153808"	"805.0"	"3064.2"	"2571.2"
"OLS_conica_3D_segmento_06"	"03/21"	"1"	"-17.01703424"	"-51.09786117"	"805.0"	"2571.2"	"3064.2"
"OLS_conica_3D_segmento_06"	"03/21"	"2"	"-17.01969989"	"-51.10379348"	"805.0"	"2000.0"	"3464.1"
"OLS_conica_3D_segmento_06"	"03/21"	"3"	"-17.00404984"	"-51.11319022"	"905.0"	"3000.0"	"5196.2"
"OLS_conica_3D_segmento_06"	"03/21"	"4"	"-17.00005136"	"-51.10429175"	"905.0"	"3856.7"	"4596.3"
"OLS_conica_3D_segmento_06"	"03/21"	"5"	"-17.01703424"	"-51.09786117"	"805.0"	"2571.2"	"3064.2"
"OLS_conica_3D_segmento_07"	"03/21"	"1"	"-17.01969989"	"-51.10379348"	"805.0"	"2000.0"	"3464.1"
"OLS_conica_3D_segmento_07"	"03/21"	"2"	"-17.02331658"	"-51.10915476"	"805.0"	"1368.1"	"3758.8"
"OLS_conica_3D_segmento_07"	"03/21"	"3"	"-17.00947487"	"-51.12123215"	"905.0"	"2052.1"	"5638.2"
"OLS_conica_3D_segmento_07"	"03/21"	"4"	"-17.00404984"	"-51.11319022"	"905.0"	"3000.0"	"5196.2"
"OLS_conica_3D_segmento_07"	"03/21"	"5"	"-17.01969989"	"-51.10379348"	"805.0"	"2000.0"	"3464.1"
"OLS_conica_3D_segmento_08"	"03/21"	"1"	"-17.02331658"	"-51.10915476"	"805.0"	"1368.1"	"3758.8"
"OLS_conica_3D_segmento_08"	"03/21"	"2"	"-17.02777442"	"-51.11378212"	"805.0"	"694.6"	"3939.2"
"OLS_conica_3D_segmento_08"	"03/21"	"3"	"-17.01616162"	"-51.12817317"	"905.0"	"1041.9"	"5908.8"
"OLS_conica_3D_segmento_08"	"03/21"	"4"	"-17.00947487"	"-51.12123215"	"905.0"	"2052.1"	"5638.2"
"OLS_conica_3D_segmento_08"	"03/21"	"5"	"-17.02331658"	"-51.10915476"	"805.0"	"1368.1"	"3758.8"
"OLS_conica_3D_segmento_09"	"03/21"	"1"	"-17.02777442"	"-51.11378212"	"805.0"	"694.6"	"3939.2"
"OLS_conica_3D_segmento_09"	"03/21"	"2"	"-17.03293795"	"-51.11753494"	"805.0"	"0.0"	"4000.0"
"OLS_conica_3D_segmento_09"	"03/21"	"3"	"-17.02390692"	"-51.13380241"	"905.0"	"0.0"	"6000.0"
"OLS_conica_3D_segmento_09"	"03/21"	"4"	"-17.01616162"	"-51.12817317"	"905.0"	"1041.9"	"5908.8"
"OLS_conica_3D_segmento_09"	"03/21"	"5"	"-17.02777442"	"-51.11378212"	"805.0"	"694.6"	"3939.2"
"OLS_conica_3D_segmento_10"	"03/21"	"1"	"-17.03293795"	"-51.11753494"	"805.0"	"0.0"	"4000.0"
"OLS_conica_3D_segmento_10"	"03/21"	"2"	"-17.03865029"	"-51.12029920"	"805.0"	"-694.6"	"3939.2"
"OLS_conica_3D_segmento_10"	"03/21"	"3"	"-17.03247543"	"-51.13794880"	"905.0"	"-1041.9"	"5908.8"
"OLS_conica_3D_segmento_10"	"03/21"	"4"	"-17.02390692"	"-51.13380241"	"905.0"	"0.0"	"6000.0"
"OLS_conica_3D_segmento_10"	"03/21"	"5"	"-17.03293795"	"-51.11753494"	"805.0"	"0.0"	"4000.0"
"OLS_conica_3D_segmento_11"	"03/21"	"1"	"-17.03865029"	"-51.12029920"	"805.0"	"-694.6"	"3939.2"
"OLS_conica_3D_segmento_11"	"03/21"	"2"	"-17.04473787"	"-51.12199092"	"805.0"	"-1368.1"	"3758.8"
"OLS_conica_3D_segmento_11"	"03/21"	"3"	"-17.04160680"	"-51.14048637"	"905.0"	"-2052.1"	"5638.2"
"OLS_conica_3D_segmento_11"	"03/21"	"4"	"-17.03247543"	"-51.13794880"	"905.0"	"-1041.9"	"5908.8"
"OLS_conica_3D_segmento_11"	"03/21"	"5"	"-17.03865029"	"-51.12029920"	"805.0"	"-694.6"	"3939.2"
"OLS_conica_3D_segmento_12"	"03/21"	"1"	"-17.04473787"	"-51.12199092"	"805.0"	"-1368.1"	"3758.8"
"OLS_conica_3D_segmento_12"	"03/21"	"2"	"-17.05101572"	"-51.12255868"	"805.0"	"-2000.0"	"3464.1"
"OLS_conica_3D_segmento_12"	"03/21"	"3"	"-17.05102358"	"-51.14133802"	"905.0"	"-3000.0"	"5196.2"
"OLS_conica_3D_segmento_12"	"03/21"	"4"	"-17.04160680"	"-51.14048637"	"905.0"	"-2052.1"	"5638.2"
"OLS_conica_3D_segmento_12"	"03/21"	"5"	"-17.04473787"	"-51.12199092"	"805.0"	"-1368.1"	"3758.8"
"OLS_conica_3D_segmento_13"	"03/21"	"1"	"-17.05101572"	"-51.12255868"	"805.0"	"-2000.0"	"3464.1"
"OLS_conica_3D_segmento_13"	"03/21"	"2"	"-17.05729309"	"-51.12198525"	"805.0"	"-2571.2"	"3064.2"
"OLS_conica_3D_segmento_13"	"03/21"	"3"	"-17.06043963"	"-51.14047787"	"905.0"	"-3856.7"	"4596.3"
"OLS_conica_3D_segmento_13"	"03/21"	"4"	"-17.05102358"	"-51.14133802"	"905.0"	"-3000.0"	"5196.2"
"OLS_conica_3D_segmento_13"	"03/21"	"5"	"-17.05101572"	"-51.12255868"	"805.0"	"-2000.0"	"3464.1"
"OLS_conica_3D_segmento_14"	"03/21"	"1"	"-17.05729309"	"-51.12198525"	"805.0"	"-2571.2"	"3064.2"
"OLS_conica_3D_segmento_14"	"03/21"	"2"	"-17.06337925"	"-51.12028803"	"805.0"	"-3064.2"	"2571.2"
"OLS_conica_3D_segmento_14"	"03/21"	"3"	"-17.06956888"	"-51.13793205"	"905.0"	"-4596.3"	"3856.7"
"OLS_conica_3D_segmento_14"	"03/21"	"4"	"-17.06043963"	"-51.14047787"	"905.0"	"-3856.7"	"4596.3"
"OLS_conica_3D_segmento_14"	"03/21"	"5"	"-17.05729309"	"-51.12198525"	"805.0"	"-2571.2"	"3064.2"
"OLS_conica_3D_segmento_15"	"03/21"	"1"	"-17.06337925"	"-51.12028803"	"805.0"	"-3064.2"	"2571.2"
"OLS_conica_3D_segmento_15"	"03/21"	"2"	"-17.06908927"	"-51.11751861"	"805.0"	"-3464.1"	"2000.0"
"OLS_conica_3D_segmento_15"	"03/21"	"3"	"-17.07813391"	"-51.13377791"	"905.0"	"-5196.2"	"3000.0"
"OLS_conica_3D_segmento_15"	"03/21"	"4"	"-17.06956888"	"-51.13793205"	"905.0"	"-4596.3"	"3856.7"
"OLS_conica_3D_segmento_15"	"03/21"	"5"	"-17.06337925"	"-51.12028803"	"805.0"	"-3064.2"	"2571.2"
"OLS_conica_3D_segmento_16"	"03/21"	"1"	"-17.06908927"	"-51.11751861"	"805.0"	"-3464.1"	"2000.0"
"OLS_conica_3D_segmento_16"	"03/21"	"2"	"-17.07424966"	"-51.11376112"	"805.0"	"-3758.8"	"1368.1"
"OLS_conica_3D_segmento_16"	"03/21"	"3"	"-17.08587450"	"-51.12814169"	"905.0"	"-5638.2"	"2052.1"
"OLS_conica_3D_segmento_16"	"03/21"	"4"	"-17.07813391"	"-51.13377791"	"905.0"	"-5196.2"	"3000.0"
"OLS_conica_3D_segmento_16"	"03/21"	"5"	"-17.06908927"	"-51.11751861"	"805.0"	"-3464.1"	"2000.0"
"OLS_conica_3D_segmento_17"	"03/21"	"1"	"-17.07424966"	"-51.11376112"	"805.0"	"-3758.8"	"1368.1"
"OLS_conica_3D_segmento_17"	"03/21"	"2"	"-17.07870363"	"-51.10912975"	"805.0"	"-3939.2"	"694.6"
"OLS_conica_3D_segmento_17"	"03/21"	"3"	"-17.09255544"	"-51.12119462"	"905.0"	"-5908.8"	"1041.9"
"OLS_conica_3D_segmento_17"	"03/21"	"4"	"-17.08587450"	"-51.12814169"	"905.0"	"-5638.2"	"2052.1"
"OLS_conica_3D_segmento_17"	"03/21"	"5"	"-17.07424966"	"-51.11376112"	"805.0"	"-3758.8"	"1368.1"
"OLS_conica_3D_segmento_18"	"03/21"	"1"	"-17.07870363"	"-51.10912975"	"805.0"	"-3939.2"	"694.6"
"OLS_conica_3D_segmento_18"	"03/21"	"2"	"-17.08231583"	"-51.10376520"	"805.0"	"-4000.0"	"0.0"
"OLS_conica_3D_segmento_18"	"03/21"	"3"	"-17.09797374"	"-51.11314780"	"905.0"	"-6000.0"	"0.0"
"OLS_conica_3D_segmento_18"	"03/21"	"4"	"-17.09255544"	"-51.12119462"	"905.0"	"-5908.8"	"1041.9"
"OLS_conica_3D_segmento_18"	"03/21"	"5"	"-17.07870363"	"-51.10912975"	"805.0"	"-3939.2"	"694.6"
"OLS_conica_3D_segmento_19"	"03/21"	"1"	"-17.08231583"	"-51.10376520"	"805.0"	"-4000.0"	"0.0"
"OLS_conica_3D_segmento_19"	"03/21"	"2"	"-17.08497651"	"-51.09783048"	"805.0"	"-3939.2"	"-694.6"
"OLS_conica_3D_segmento_19"	"03/21"	"3"	"-17.10196476"	"-51.10424572"	"905.0"	"-5908.8"	"-1041.9"
"OLS_conica_3D_segmento_19"	"03/21"	"4"	"-17.09797374"	"-51.11314780"	"905.0"	"-6000.0"	"0.0"
"OLS_conica_3D_segmento_19"	"03/21"	"5"	"-17.08231583"	"-51.10376520"	"805.0"	"-4000.0"	"0.0"
"OLS_conica_3D_segmento_20"	"03/21"	"1"	"-17.08497651"	"-51.09783048"	"805.0"	"-3939.2"	"-694.6"
"OLS_conica_3D_segmento_20"	"03/21"	"2"	"-17.08660484"	"-51.09150592"	"805.0"	"-3758.8"	"-1368.1"
"OLS_conica_3D_segmento_20"	"03/21"	"3"	"-17.10440725"	"-51.09475887"	"905.0"	"-5638.2"	"-2052.1"
"OLS_conica_3D_segmento_20"	"03/21"	"4"	"-17.10196476"	"-51.10424572"	"905.0"	"-5908.8"	"-1041.9"
"OLS_conica_3D_segmento_20"	"03/21"	"5"	"-17.08497651"	"-51.09783048"	"805.0"	"-3939.2"	"-694.6"
"OLS_conica_3D_segmento_21"	"03/21"	"1"	"-17.08660484"	"-51.09150592"	"805.0"	"-3758.8"	"-1368.1"
"OLS_conica_3D_segmento_21"	"03/21"	"2"	"-17.08715133"	"-51.08498367"	"805.0"	"-3464.1"	"-2000.0"
"OLS_conica_3D_segmento_21"	"03/21"	"3"	"-17.10522699"	"-51.08497551"	"905.0"	"-5196.2"	"-3000.0"
"OLS_conica_3D_segmento_21"	"03/21"	"4"	"-17.10440725"	"-51.09475887"	"905.0"	"-5638.2"	"-2052.1"
"OLS_conica_3D_segmento_21"	"03/21"	"5"	"-17.08660484"	"-51.09150592"	"805.0"	"-3758.8"	"-1368.1"
"OLS_conica_3D_segmento_22"	"03/21"	"1"	"-17.08715133"	"-51.08498367"	"805.0"	"-3464.1"	"-2000.0"
"OLS_conica_3D_segmento_22"	"03/21"	"2"	"-17.08659938"	"-51.07846192"	"805.0"	"-3064.2"	"-2571.2"
"OLS_conica_3D_segmento_22"	"03/21"	"3"	"-17.10439907"	"-51.07519288"	"905.0"	"-4596.3"	"-3856.7"
"OLS_conica_3D_segmento_22"	"03/21"	"4"	"-17.10522699"	"-51.08497551"	"905.0"	"-5196.2"	"-3000.0"
"OLS_conica_3D_segmento_22"	"03/21"	"5"	"-17.08715133"	"-51.08498367"	"805.0"	"-3464.1"	"-2000.0"
"OLS_conica_3D_segmento_23"	"03/21"	"1"	"-17.08659938"	"-51.07846192"	"805.0"	"-3064.2"	"-2571.2"
"OLS_conica_3D_segmento_23"	"03/21"	"2"	"-17.08496576"	"-51.07213883"	"805.0"	"-2571.2"	"-3064.2"
"OLS_conica_3D_segmento_23"	"03/21"	"3"	"-17.10194864"	"-51.06570825"	"905.0"	"-3856.7"	"-4596.3"
"OLS_conica_3D_segmento_23"	"03/21"	"4"	"-17.10439907"	"-51.07519288"	"905.0"	"-4596.3"	"-3856.7"
"OLS_conica_3D_segmento_23"	"03/21"	"5"	"-17.08659938"	"-51.07846192"	"805.0"	"-3064.2"	"-2571.2"
"OLS_conica_3D_segmento_24"	"03/21"	"1"	"-17.08496576"	"-51.07213883"	"805.0"	"-2571.2"	"-3064.2"
"OLS_conica_3D_segmento_24"	"03/21"	"2"	"-17.08230011"	"-51.06620652"	"805.0"	"-2000.0"	"-3464.1"
"OLS_conica_3D_segmento_24"	"03/21"	"3"	"-17.09795016"	"-51.05680978"	"905.0"	"-3000.0"	"-5196.2"
"OLS_conica_3D_segmento_24"	"03/21"	"4"	"-17.10194864"	"-51.06570825"	"905.0"	"-3856.7"	"-4596.3"
"OLS_conica_3D_segmento_24"	"03/21"	"5"	"-17.08496576"	"-51.07213883"	"805.0"	"-2571.2"	"-3064.2"
"OLS_conica_3D_segmento_25"	"03/21"	"1"	"-17.08230011"	"-51.06620652"	"805.0"	"-2000.0"	"-3464.1"
"OLS_conica_3D_segmento_25"	"03/21"	"2"	"-17.07868342"	"-51.06084524"	"805.0"	"-1368.1"	"-3758.8"
"OLS_conica_3D_segmento_25"	"03/21"	"3"	"-17.09252513"	"-51.04876785"	"905.0"	"-2052.1"	"-5638.2"
"OLS_conica_3D_segmento_25"	"03/21"	"4"	"-17.09795016"	"-51.05680978"	"905.0"	"-3000.0"	"-5196.2"
"OLS_conica_3D_segmento_25"	"03/21"	"5"	"-17.08230011"	"-51.06620652"	"805.0"	"-2000.0"	"-3464.1"
"OLS_conica_3D_segmento_26"	"03/21"	"1"	"-17.07868342"	"-51.06084524"	"805.0"	"-1368.1"	"-3758.8"
"OLS_conica_3D_segmento_26"	"03/21"	"2"	"-17.07422558"	"-51.05621788"	"805.0"	"-694.6"	"-3939.2"
"OLS_conica_3D_segmento_26"	"03/21"	"3"	"-17.08583838"	"-51.04182683"	"905.0"	"-1041.9"	"-5908.8"
"OLS_conica_3D_segmento_26"	"03/21"	"4"	"-17.09252513"	"-51.04876785"	"905.0"	"-2052.1"	"-5638.2"
"OLS_conica_3D_segmento_26"	"03/21"	"5"	"-17.07868342"	"-51.06084524"	"805.0"	"-1368.1"	"-3758.8"
"OLS_conica_3D_segmento_27"	"03/21"	"1"	"-17.07422558"	"-51.05621788"	"805.0"	"-694.6"	"-3939.2"
"OLS_conica_3D_segmento_27"	"03/21"	"2"	"-17.06906205"	"-51.05246506"	"805.0"	"0.0"	"-4000.0"
"OLS_conica_3D_segmento_27"	"03/21"	"3"	"-17.07809308"	"-51.03619759"	"905.0"	"0.0"	"-6000.0"
"OLS_conica_3D_segmento_27"	"03/21"	"4"	"-17.08583838"	"-51.04182683"	"905.0"	"-1041.9"	"-5908.8"
"OLS_conica_3D_segmento_27"	"03/21"	"5"	"-17.07422558"	"-51.05621788"	"805.0"	"-694.6"	"-3939.2"
"OLS_conica_3D_segmento_28"	"03/21"	"1"	"-17.06906205"	"-51.05246506"	"805.0"	"0.0"	"-4000.0"
"OLS_conica_3D_segmento_28"	"03/21"	"2"	"-17.06334971"	"-51.04970080"	"805.0"	"694.6"	"-3939.2"
"OLS_conica_3D_segmento_28"	"03/21"	"3"	"-17.06952457"	"-51.03205120"	"905.0"	"1041.9"	"-5908.8"
"OLS_conica_3D_segmento_28"	"03/21"	"4"	"-17.07809308"	"-51.03619759"	"905.0"	"0.0"	"-6000.0"
"OLS_conica_3D_segmento_28"	"03/21"	"5"	"-17.06906205"	"-51.05246506"	"805.0"	"0.0"	"-4000.0"
"OLS_conica_3D_segmento_29"	"03/21"	"1"	"-17.06334971"	"-51.04970080"	"805.0"	"694.6"	"-3939.2"
"OLS_conica_3D_segmento_29"	"03/21"	"2"	"-17.05726213"	"-51.04800908"	"805.0"	"1368.1"	"-3758.8"
"OLS_conica_3D_segmento_29"	"03/21"	"3"	"-17.06039320"	"-51.02951363"	"905.0"	"2052.1"	"-5638.2"
"OLS_conica_3D_segmento_29"	"03/21"	"4"	"-17.06952457"	"-51.03205120"	"905.0"	"1041.9"	"-5908.8"
"OLS_conica_3D_segmento_29"	"03/21"	"5"	"-17.06334971"	"-51.04970080"	"805.0"	"694.6"	"-3939.2"
"OLS_conica_3D_segmento_30"	"03/21"	"1"	"-17.05726213"	"-51.04800908"	"805.0"	"1368.1"	"-3758.8"
"OLS_conica_3D_segmento_30"	"03/21"	"2"	"-17.05098428"	"-51.04744132"	"805.0"	"2000.0"	"-3464.1"
"OLS_conica_3D_segmento_30"	"03/21"	"3"	"-17.05097642"	"-51.02866198"	"905.0"	"3000.0"	"-5196.2"
"OLS_conica_3D_segmento_30"	"03/21"	"4"	"-17.06039320"	"-51.02951363"	"905.0"	"2052.1"	"-5638.2"
"OLS_conica_3D_segmento_30"	"03/21"	"5"	"-17.05726213"	"-51.04800908"	"805.0"	"1368.1"	"-3758.8"
"OLS_conica_3D_segmento_31"	"03/21"	"1"	"-17.05098428"	"-51.04744132"	"805.0"	"2000.0"	"-3464.1"
"OLS_conica_3D_segmento_31"	"03/21"	"2"	"-17.04470691"	"-51.04801475"	"805.0"	"2571.2"	"-3064.2"
"OLS_conica_3D_segmento_31"	"03/21"	"3"	"-17.04156037"	"-51.02952213"	"905.0"	"3856.7"	"-4596.3"
"OLS_conica_3D_segmento_31"	"03/21"	"4"	"-17.05097642"	"-51.02866198"	"905.0"	"3000.0"	"-5196.2"
"OLS_conica_3D_segmento_31"	"03/21"	"5"	"-17.05098428"	"-51.04744132"	"805.0"	"2000.0"	"-3464.1"
"OLS_conica_3D_segmento_32"	"03/21"	"1"	"-17.04470691"	"-51.04801475"	"805.0"	"2571.2"	"-3064.2"
"OLS_conica_3D_segmento_32"	"03/21"	"2"	"-17.03862075"	"-51.04971197"	"805.0"	"3064.2"	"-2571.2"
"OLS_conica_3D_segmento_32"	"03/21"	"3"	"-17.03243112"	"-51.03206795"	"905.0"	"4596.3"	"-3856.7"
"OLS_conica_3D_segmento_32"	"03/21"	"4"	"-17.04156037"	"-51.02952213"	"905.0"	"3856.7"	"-4596.3"
"OLS_conica_3D_segmento_32"	"03/21"	"5"	"-17.04470691"	"-51.04801475"	"805.0"	"2571.2"	"-3064.2"
"OLS_conica_3D_segmento_33"	"03/21"	"1"	"-17.03862075"	"-51.04971197"	"805.0"	"3064.2"	"-2571.2"
"OLS_conica_3D_segmento_33"	"03/21"	"2"	"-17.03291073"	"-51.05248139"	"805.0"	"3464.1"	"-2000.0"
"OLS_conica_3D_segmento_33"	"03/21"	"3"	"-17.02386609"	"-51.03622209"	"905.0"	"5196.2"	"-3000.0"
"OLS_conica_3D_segmento_33"	"03/21"	"4"	"-17.03243112"	"-51.03206795"	"905.0"	"4596.3"	"-3856.7"
"OLS_conica_3D_segmento_33"	"03/21"	"5"	"-17.03862075"	"-51.04971197"	"805.0"	"3064.2"	"-2571.2"
"OLS_conica_3D_segmento_34"	"03/21"	"1"	"-17.03291073"	"-51.05248139"	"805.0"	"3464.1"	"-2000.0"
"OLS_conica_3D_segmento_34"	"03/21"	"2"	"-17.02775034"	"-51.05623888"	"805.0"	"3758.8"	"-1368.1"
"OLS_conica_3D_segmento_34"	"03/21"	"3"	"-17.01612550"	"-51.04185831"	"905.0"	"5638.2"	"-2052.1"
"OLS_conica_3D_segmento_34"	"03/21"	"4"	"-17.02386609"	"-51.03622209"	"905.0"	"5196.2"	"-3000.0"
"OLS_conica_3D_segmento_34"	"03/21"	"5"	"-17.03291073"	"-51.05248139"	"805.0"	"3464.1"	"-2000.0"
"OLS_conica_3D_segmento_35"	"03/21"	"1"	"-17.02775034"	"-51.05623888"	"805.0"	"3758.8"	"-1368.1"
"OLS_conica_3D_segmento_35"	"03/21"	"2"	"-17.02329637"	"-51.06087025"	"805.0"	"3939.2"	"-694.6"
"OLS_conica_3D_segmento_35"	"03/21"	"3"	"-17.00944456"	"-51.04880538"	"905.0"	"5908.8"	"-1041.9"
"OLS_conica_3D_segmento_35"	"03/21"	"4"	"-17.01612550"	"-51.04185831"	"905.0"	"5638.2"	"-2052.1"
"OLS_conica_3D_segmento_35"	"03/21"	"5"	"-17.02775034"	"-51.05623888"	"805.0"	"3758.8"	"-1368.1"
"OLS_conica_3D_segmento_36"	"03/21"	"1"	"-17.02329637"	"-51.06087025"	"805.0"	"3939.2"	"-694.6"
"OLS_conica_3D_segmento_36"	"03/21"	"2"	"-17.01968417"	"-51.06623480"	"805.0"	"4000.0"	"0.0"
"OLS_conica_3D_segmento_36"	"03/21"	"3"	"-17.00402626"	"-51.05685220"	"905.0"	"6000.0"	"0.0"
"OLS_conica_3D_segmento_36"	"03/21"	"4"	"-17.00944456"	"-51.04880538"	"905.0"	"5908.8"	"-1041.9"
"OLS_conica_3D_segmento_36"	"03/21"	"5"	"-17.02329637"	"-51.06087025"	"805.0"	"3939.2"	"-694.6"
"silo_graos_linha_vertical_813_851MSL"	"N/A"	"1"	"-17.06990542"	"-51.09801068"	"813.0"	"-2504.3"	"155.2"
"silo_graos_linha_vertical_813_851MSL"	"N/A"	"2"	"-17.06990542"	"-51.09801068"	"851.0"	"-2504.3"	"155.2"
